id;username;password;email;phone_number;reset_token;reset_token_created_at;otp_code;otp_code_created_at;otp_code_expired_at;otp_verified;remember_token;remembered;device_info;created_at;updated_at;status
1;Officer Route;integrated Automotive black;Juvenal_Jacobson34@gmail.com;Loan Oregon (the;Myanmar Ohio;2024-12-22T06:21:55;Knolls;2024-12-22T03:02:55;2024-12-22T08:05:22;true;incubate Alaska Regional;false;bi-directional;2024-12-22T07:23:37;2024-12-22T03:14:22;SUSPENDED
2;Franc FTP Buckinghamshire;models models;Alex98@hotmail.com;Loan Berkshire;green drive;2024-12-21T19:23:59;deposit impactful;2024-12-22T09:22:10;2024-12-21T20:36:29;true;redundant;true;Polarised;2024-12-21T23:37:48;2024-12-22T09:20:07;SUSPENDED
3;Manager communities;navigating;Darlene.Beahan19@hotmail.com;monitor Forint Automotive;Producer;2024-12-21T10:31:43;Colon;2024-12-21T12:54:00;2024-12-21T13:52:51;false;fuchsia Locks;true;South Ranch Communications;2024-12-22T05:58:37;2024-12-21T13:49:15;SUSPENDED
4;online Associate;incubate red invoice;Gideon.Conroy@yahoo.com;Central;data-warehouse Mouse;2024-12-21T17:51:10;Plastic Handcrafted neural;2024-12-21T13:16:51;2024-12-22T03:38:52;true;Market;true;navigate withdrawal toolset;2024-12-21T17:52:31;2024-12-21T10:20:48;SUSPENDED
5;hard Guinea-Bissau;connect Venezuela;Emmalee.Erdman51@hotmail.com;web-enabled;Marks Optimization;2024-12-22T00:15:51;Shoes Practical;2024-12-21T17:09:47;2024-12-22T06:45:24;false;Frozen green Computer;true;one-to-one Gloves;2024-12-21T13:47:09;2024-12-21T12:34:53;ACTIVE
6;Internal EXE primary;Platinum;Eliza28@yahoo.com;Avon;Optimization efficient;2024-12-22T04:56:48;Islands Granite;2024-12-21T12:49:04;2024-12-21T10:13:37;true;orchestration input Technician;false;solutions Tasty;2024-12-22T06:34:35;2024-12-22T04:43:31;INACTIVE
7;human-resource deposit seize;backing e-services Implemented;Norris.Borer52@hotmail.com;Health Licensed;pink Object-based Drive;2024-12-22T02:25:18;Vista Awesome;2024-12-21T10:35:26;2024-12-22T02:13:06;true;Mandatory calculate Place;false;Small payment;2024-12-21T12:19:56;2024-12-21T13:42:15;INACTIVE
8;haptic;Accounts;Brain41@gmail.com;Forward Parkways;payment Oklahoma calculating;2024-12-22T03:51:27;enable Garden Data;2024-12-22T04:34:16;2024-12-22T03:01:09;false;structure parse;true;Account withdrawal;2024-12-22T08:11:11;2024-12-22T08:37:41;INACTIVE
9;Intelligent Cotton connecting;Rupee Fully-configurable;Gina66@hotmail.com;Keyboard Berkshire hacking;standardization Handmade bandwidth;2024-12-21T10:23:25;SAS;2024-12-22T07:47:52;2024-12-22T01:04:09;false;Rustic generating;true;Rubber;2024-12-21T20:27:58;2024-12-22T06:03:35;INACTIVE
10;Peso interface;deliverables ADP;Jerald.Walter22@hotmail.com;Plains Berkshire transmit;open-source Incredible;2024-12-22T00:46:21;blue content-based;2024-12-21T17:09:30;2024-12-22T02:14:59;true;Bedfordshire Books;false;Ergonomic;2024-12-21T16:01:06;2024-12-21T15:31:42;SUSPENDED
